indice,valeur
Shannon,3.5193058572023435
Simpson,0.9194891639526805
